query_name,Config,Run,WJ_SampleSize,CRAWD_SampleSize,∑Fµ_SampleSize,∑Fµ_success,∑Fµ_fail,N̂,Nb_Total_Scans,Execution_time,cd
query_633,3,1,250003.0,250003.0,500006.0,500006.0,0.0,3.492188863021644E7,1000012,14716,31941690
query_633,3,2,250003.0,250003.0,500006.0,500006.0,0.0,3.4943610195717655E7,1000012,13680,31941700
query_633,3,3,250003.0,250003.0,500006.0,500006.0,0.0,3.487742330789631E7,1000012,13182,31942201
query_633,3,4,250003.0,250003.0,500006.0,500006.0,0.0,3.4950765534941584E7,1000012,13030,31941988
query_633,3,5,250003.0,250003.0,500006.0,500006.0,0.0,3.493019393467279E7,1000012,12921,31941407
